{
    "gender": {
        "accuracy": 0.9833797794204473,
        "labels": [
            0,
            1
        ]
    },
    "average_accuracy": 0.9833797794204473
}