{
    "gender": {
        "accuracy": 0.983598233474246,
        "labels": [
            0,
            1
        ]
    },
    "average_accuracy": 0.983598233474246
}