{
    "gender": {
        "accuracy": 0.9964485416351822,
        "labels": [
            0,
            1
        ]
    },
    "average_accuracy": 0.9964485416351822
}