{
    "gender": {
        "accuracy": 0.9965996675230467,
        "labels": [
            0,
            1
        ]
    },
    "average_accuracy": 0.9965996675230467
}