{
    "gender": {
        "accuracy": 0.9685918181063812,
        "labels": [
            0,
            1
        ]
    },
    "average_accuracy": 0.9685918181063812
}