{
    "gender": {
        "accuracy": 0.9607086548834122,
        "labels": [
            0,
            1
        ]
    },
    "average_accuracy": 0.9607086548834122
}