{
    "gender": {
        "accuracy": 0.9557337051237365,
        "labels": [
            0,
            1
        ]
    },
    "average_accuracy": 0.9557337051237365
}