{
    "gender": {
        "accuracy": 0.9574764726385501,
        "labels": [
            0,
            1
        ]
    },
    "average_accuracy": 0.9574764726385501
}