{
    "gender": {
        "accuracy": 0.9686333084391336,
        "labels": [
            0,
            1
        ]
    },
    "average_accuracy": 0.9686333084391336
}