{
    "gender": {
        "accuracy": 0.9658949464774708,
        "labels": [
            0,
            1
        ]
    },
    "average_accuracy": 0.9658949464774708
}