{
    "gender": {
        "accuracy": 0.9749863063721015,
        "labels": [
            0,
            1
        ]
    },
    "average_accuracy": 0.9749863063721015
}