{
    "gender": {
        "accuracy": 0.9780901953624247,
        "labels": [
            0,
            1
        ]
    },
    "average_accuracy": 0.9780901953624247
}