{
    "gender": {
        "accuracy": 0.955036598117811,
        "labels": [
            0,
            1
        ]
    },
    "average_accuracy": 0.955036598117811
}