{
    "gender": {
        "accuracy": 0.9578250261415128,
        "labels": [
            0,
            1
        ]
    },
    "average_accuracy": 0.9578250261415128
}