{
    "emotion": {
        "accuracy": 0.8891599860578598,
        "labels": [
            0,
            1,
            2,
            3,
            4,
            5,
            6
        ]
    },
    "average_accuracy": 0.8891599860578598
}