{
    "gender": {
        "accuracy": 0.9776337410991419,
        "labels": [
            0,
            1
        ]
    },
    "average_accuracy": 0.9776337410991419
}