{
    "gender": {
        "accuracy": 0.9744385612561621,
        "labels": [
            0,
            1
        ]
    },
    "average_accuracy": 0.9744385612561621
}