{
    "gender": {
        "accuracy": 0.9839052499822875,
        "labels": [
            0,
            1
        ]
    },
    "average_accuracy": 0.9839052499822875
}