{
    "gender": {
        "accuracy": 0.9834506293838415,
        "labels": [
            0,
            1
        ]
    },
    "average_accuracy": 0.9834506293838415
}