{
    "age": {
        "mode": "classification",
        "accuracy": 0.6506270221760385,
        "labels": [
            "0-2",
            "3-9",
            "10-19",
            "20-29",
            "30-39",
            "40-49",
            "50-59",
            "60-69",
            "70+"
        ]
    },
    "average_accuracy": 0.6506270221760385
}