{
    "gender": {
        "accuracy": 0.9965241045791144,
        "labels": [
            0,
            1
        ]
    },
    "average_accuracy": 0.9965241045791144
}