{
    "gender": {
        "accuracy": 0.9959196010276561,
        "labels": [
            0,
            1
        ]
    },
    "average_accuracy": 0.9959196010276561
}